{
	"display": {
		"icon": {
			"item": "minecraft:piston"
		},
		"title": {"translate":"Inception"},
		"description": {"translate":"Get above the roof in the nether","extra":[{"text":"\n"},{"italic":"true","translate":"Modified by the Amplified Nether version"}]},
		"announce_to_chat": "true",
		"frame": "challenge"
	},
	"parent": "minecraft:nether/fast_travel",
	"rewards": {
		"function": "bc_rewards:nether/inception"
	},
	"criteria": {
		"world_height": {
			"trigger": "minecraft:location",
			"conditions": {
				"player": [
					{
						"condition": "minecraft:entity_properties",
						"entity": "this",
						"predicate": {
							"location": {
								"dimension": "the_nether",
								"position": {
									"y": {
										"min": 256.0
									}
								}
							}
						}
					},
					{
						"condition": "minecraft:inverted",
						"term": {
							"condition": "minecraft:entity_properties",
							"entity": "this",
							"predicate": {
								"type_specific": {
									"type": "player",
									"gamemode": "spectator"
								}
							}
						}
					}
				]
			}
		}
	}
}