{
	"display": {
		"icon": {
			"item": "minecraft:bedrock"
		},
		"title": {"translate":"Limbo Walker"},
		"description": {"color":"#75E1FF","translate":"Get above the roof in the nether"},
		"announce_to_chat": "true",
		"frame": "goal"
	},
	"parent": "blazeandcave:nether/im_in_lava_with_you",
	"rewards": {
		"function": "bc_rewards:nether/limbo_walker"
	},		
	"criteria": {
		"world_height": {
			"trigger": "minecraft:location",
			"conditions": {
				"player": [
					{
						"condition": "minecraft:entity_properties",
						"entity": "this",
						"predicate": {
							"location": {
								"dimension": "the_nether",
								"position": {
									"y": {
										"min": 256.0
									}
								}
							}
						}
					},
					{
						"condition": "minecraft:inverted",
						"term": {
							"condition": "minecraft:entity_properties",
							"entity": "this",
							"predicate": {
								"type_specific": {
									"type": "player",
									"gamemode": "spectator"
								}
							}
						}
					}
				]
			}
		}	
	}
}