{
	"display": {
		"icon": {
			"item": "minecraft:saddle"
		},
		"title": {"translate":"A Journey Begins"},
		"description": {"color":"light_purple","translate":"Find a Traveller’s Map"},
		"announce_to_chat": "true",
		"hidden": "true"
	},
	"parent": "blazeandcave:adventure/map_room",
	"rewards": {
		"function": "bc_rewards:adventure/a_journey_begins"
	},		
	"criteria": {
		"map": {
			"trigger": "minecraft:inventory_changed",
			"conditions": {
				"items": [
					{
						"items": [
							"minecraft:filled_map"
						],
						"nbt": "{display:{Lore:[\"{\\\"italic\\\":true,\\\"color\\\":\\\"#115060\\\",\\\"text\\\":\\\"Terralith\\\"}\"]}}"
					}
				]
			}
		}
	}
}